expected_filename,dominant_emotion,Adjusted_Arousal,Adjusted_Valence
s9_fear_1_sequential.mp4,fear,0.9,-0.6
s2_sadness_2_sequential.mp4,sadness,-0.4,-0.7
s21_anger_4_sequential.mp4,anger,0.8,-0.6
s5_anger_3_sequential.mp4,anger,0.8,-0.6
s15_anger_5_sequential.mp4,anger,0.8,-0.6
s21_anger_3_sequential.mp4,anger,0.8,-0.6
s44_anger_1_sequential.mp4,anger,0.8,-0.6
s28_anger_5_sequential.mp4,anger,0.8,-0.6
s9_anger_5_sequential.mp4,anger,0.8,-0.6
s14_anger_5_sequential.mp4,anger,0.8,-0.6
s33_anger_1_sequential.mp4,anger,0.8,-0.6
s26_anger_5_sequential.mp4,anger,0.8,-0.6
s35_anger_3_sequential.mp4,anger,0.8,-0.6
s13_anger_4_sequential.mp4,anger,0.8,-0.6
s10_anger_5_sequential.mp4,anger,0.8,-0.6
s4_anger_3_sequential.mp4,anger,0.8,-0.6
s31_anger_2_sequential.mp4,anger,0.8,-0.6
s42_anger_3_sequential.mp4,anger,0.8,-0.6
s39_anger_2_sequential.mp4,anger,0.8,-0.6
s20_anger_1_sequential.mp4,anger,0.8,-0.6
s33_anger_4_sequential.mp4,anger,0.8,-0.6
s30_anger_2_sequential.mp4,anger,0.8,-0.6
s12_anger_3_sequential.mp4,anger,0.8,-0.6
s27_anger_4_sequential.mp4,anger,0.8,-0.6
s8_anger_2_sequential.mp4,anger,0.8,-0.6
s24_anger_3_sequential.mp4,anger,0.8,-0.6
s42_anger_4_sequential.mp4,anger,0.8,-0.6
s36_anger_1_sequential.mp4,anger,0.8,-0.6
s14_anger_1_sequential.mp4,anger,0.8,-0.6
s2_anger_1_sequential.mp4,anger,0.8,-0.6
s41_anger_3_sequential.mp4,anger,0.8,-0.6
s24_anger_1_sequential.mp4,anger,0.8,-0.6
s3_anger_4_sequential.mp4,anger,0.8,-0.6
s16_anger_4_sequential.mp4,anger,0.8,-0.6
s17_anger_1_sequential.mp4,anger,0.8,-0.6
s28_anger_1_sequential.mp4,anger,0.8,-0.6
s3_anger_1_sequential.mp4,anger,0.8,-0.6
s22_anger_3_sequential.mp4,anger,0.8,-0.6
s34_anger_3_sequential.mp4,anger,0.8,-0.6
s1_anger_5_sequential.mp4,anger,0.8,-0.6
s32_anger_2_sequential.mp4,anger,0.8,-0.6
s5_anger_1_sequential.mp4,anger,0.8,-0.6
s33_anger_5_sequential.mp4,anger,0.8,-0.6
s30_anger_5_sequential.mp4,anger,0.8,-0.6
s41_anger_2_sequential.mp4,anger,0.8,-0.6
s9_anger_1_sequential.mp4,anger,0.8,-0.6
s18_anger_3_sequential.mp4,anger,0.8,-0.6
s14_anger_3_sequential.mp4,anger,0.8,-0.6
s42_anger_2_sequential.mp4,anger,0.8,-0.6
s20_anger_5_sequential.mp4,anger,0.8,-0.6
s40_anger_2_sequential.mp4,anger,0.8,-0.6
s41_anger_5_sequential.mp4,anger,0.8,-0.6
s34_anger_2_sequential.mp4,anger,0.8,-0.6
s24_anger_2_sequential.mp4,anger,0.8,-0.6
s13_anger_5_sequential.mp4,anger,0.8,-0.6
s20_anger_3_sequential.mp4,anger,0.8,-0.6
s17_anger_2_sequential.mp4,anger,0.8,-0.6
s30_anger_4_sequential.mp4,anger,0.8,-0.6
s13_anger_3_sequential.mp4,anger,0.8,-0.6
s12_anger_5_sequential.mp4,anger,0.8,-0.6
s20_anger_2_sequential.mp4,anger,0.8,-0.6
s29_anger_4_sequential.mp4,anger,0.8,-0.6
s14_anger_4_sequential.mp4,anger,0.8,-0.6
s32_anger_4_sequential.mp4,anger,0.8,-0.6
s30_anger_3_sequential.mp4,anger,0.8,-0.6
s13_anger_2_sequential.mp4,anger,0.8,-0.6
s32_anger_3_sequential.mp4,anger,0.8,-0.6
s38_anger_3_sequential.mp4,anger,0.8,-0.6
s35_anger_1_sequential.mp4,anger,0.8,-0.6
s2_anger_5_sequential.mp4,anger,0.8,-0.6
s15_anger_1_sequential.mp4,anger,0.8,-0.6
s23_anger_3_sequential.mp4,anger,0.8,-0.6
s16_anger_5_sequential.mp4,anger,0.8,-0.6
s41_anger_1_sequential.mp4,anger,0.8,-0.6
s38_anger_4_sequential.mp4,anger,0.8,-0.6
s39_anger_3_sequential.mp4,anger,0.8,-0.6
s5_anger_4_sequential.mp4,anger,0.8,-0.6
s36_anger_3_sequential.mp4,anger,0.8,-0.6
s28_anger_2_sequential.mp4,anger,0.8,-0.6
s39_anger_1_sequential.mp4,anger,0.8,-0.6
s7_anger_2_sequential.mp4,anger,0.8,-0.6
s40_anger_1_sequential.mp4,anger,0.8,-0.6
s37_anger_5_sequential.mp4,anger,0.8,-0.6
s39_anger_4_sequential.mp4,anger,0.8,-0.6
s22_anger_2_sequential.mp4,anger,0.8,-0.6
s44_anger_4_sequential.mp4,anger,0.8,-0.6
s25_anger_1_sequential.mp4,anger,0.8,-0.6
s7_anger_5_sequential.mp4,anger,0.8,-0.6
s3_anger_5_sequential.mp4,anger,0.8,-0.6
s16_anger_3_sequential.mp4,anger,0.8,-0.6
s30_anger_1_sequential.mp4,anger,0.8,-0.6
s39_anger_5_sequential.mp4,anger,0.8,-0.6
s28_anger_4_sequential.mp4,anger,0.8,-0.6
s24_anger_4_sequential.mp4,anger,0.8,-0.6
s10_anger_4_sequential.mp4,anger,0.8,-0.6
s21_anger_1_sequential.mp4,anger,0.8,-0.6
s38_anger_2_sequential.mp4,anger,0.8,-0.6
s8_anger_5_sequential.mp4,anger,0.8,-0.6
s43_anger_5_sequential.mp4,anger,0.8,-0.6
s10_anger_1_sequential.mp4,anger,0.8,-0.6
s44_anger_2_sequential.mp4,anger,0.8,-0.6
s21_anger_2_sequential.mp4,anger,0.8,-0.6
s42_anger_5_sequential.mp4,anger,0.8,-0.6
s37_anger_4_sequential.mp4,anger,0.8,-0.6
s13_anger_1_sequential.mp4,anger,0.8,-0.6
s29_anger_5_sequential.mp4,anger,0.8,-0.6
s43_anger_4_sequential.mp4,anger,0.8,-0.6
s25_anger_2_sequential.mp4,anger,0.8,-0.6
s3_anger_3_sequential.mp4,anger,0.8,-0.6
s29_anger_1_sequential.mp4,anger,0.8,-0.6
s31_anger_3_sequential.mp4,anger,0.8,-0.6
s5_anger_5_sequential.mp4,anger,0.8,-0.6
s32_anger_1_sequential.mp4,anger,0.8,-0.6
s36_anger_5_sequential.mp4,anger,0.8,-0.6
s12_anger_1_sequential.mp4,anger,0.8,-0.6
s3_anger_2_sequential.mp4,anger,0.8,-0.6
s36_anger_2_sequential.mp4,anger,0.8,-0.6
s31_anger_4_sequential.mp4,anger,0.8,-0.6
s27_anger_1_sequential.mp4,anger,0.8,-0.6
s22_anger_4_sequential.mp4,anger,0.8,-0.6
s25_anger_3_sequential.mp4,anger,0.8,-0.6
s8_anger_4_sequential.mp4,anger,0.8,-0.6
s35_anger_2_sequential.mp4,anger,0.8,-0.6
s9_anger_2_sequential.mp4,anger,0.8,-0.6
s36_anger_4_sequential.mp4,anger,0.8,-0.6
s40_anger_5_sequential.mp4,anger,0.8,-0.6
s33_anger_3_sequential.mp4,anger,0.8,-0.6
s38_anger_5_sequential.mp4,anger,0.8,-0.6
s21_disgust_2_sequential.mp4,disgust,0.6,-0.6
s40_disgust_3_sequential.mp4,disgust,0.6,-0.6
s18_disgust_4_sequential.mp4,disgust,0.6,-0.6
s23_disgust_3_sequential.mp4,disgust,0.6,-0.6
s23_disgust_4_sequential.mp4,disgust,0.6,-0.6
s26_disgust_2_sequential.mp4,disgust,0.6,-0.6
s33_disgust_3_sequential.mp4,disgust,0.6,-0.6
s4_disgust_3_sequential.mp4,disgust,0.6,-0.6
s34_disgust_3_sequential.mp4,disgust,0.6,-0.6
s4_disgust_5_sequential.mp4,disgust,0.6,-0.6
s15_disgust_4_sequential.mp4,disgust,0.6,-0.6
s36_disgust_2_sequential.mp4,disgust,0.6,-0.6
s7_disgust_4_sequential.mp4,disgust,0.6,-0.6
s33_disgust_4_sequential.mp4,disgust,0.6,-0.6
s28_disgust_2_sequential.mp4,disgust,0.6,-0.6
s12_disgust_5_sequential.mp4,disgust,0.6,-0.6
s40_disgust_1_sequential.mp4,disgust,0.6,-0.6
s31_disgust_2_sequential.mp4,disgust,0.6,-0.6
s36_disgust_1_sequential.mp4,disgust,0.6,-0.6
s16_disgust_3_sequential.mp4,disgust,0.6,-0.6
s12_disgust_4_sequential.mp4,disgust,0.6,-0.6
s20_disgust_3_sequential.mp4,disgust,0.6,-0.6
s43_disgust_5_sequential.mp4,disgust,0.6,-0.6
s8_disgust_2_sequential.mp4,disgust,0.6,-0.6
s15_disgust_5_sequential.mp4,disgust,0.6,-0.6
s30_disgust_4_sequential.mp4,disgust,0.6,-0.6
s14_disgust_2_sequential.mp4,disgust,0.6,-0.6
s4_disgust_4_sequential.mp4,disgust,0.6,-0.6
s14_disgust_5_sequential.mp4,disgust,0.6,-0.6
s16_disgust_4_sequential.mp4,disgust,0.6,-0.6
s5_disgust_2_sequential.mp4,disgust,0.6,-0.6
s44_disgust_1_sequential.mp4,disgust,0.6,-0.6
s25_disgust_2_sequential.mp4,disgust,0.6,-0.6
s30_disgust_1_sequential.mp4,disgust,0.6,-0.6
s36_disgust_4_sequential.mp4,disgust,0.6,-0.6
s31_disgust_5_sequential.mp4,disgust,0.6,-0.6
s24_disgust_4_sequential.mp4,disgust,0.6,-0.6
s37_disgust_5_sequential.mp4,disgust,0.6,-0.6
s23_disgust_1_sequential.mp4,disgust,0.6,-0.6
s39_disgust_2_sequential.mp4,disgust,0.6,-0.6
s8_disgust_5_sequential.mp4,disgust,0.6,-0.6
s20_disgust_2_sequential.mp4,disgust,0.6,-0.6
s35_disgust_4_sequential.mp4,disgust,0.6,-0.6
s9_disgust_4_sequential.mp4,disgust,0.6,-0.6
s42_disgust_2_sequential.mp4,disgust,0.6,-0.6
s10_disgust_2_sequential.mp4,disgust,0.6,-0.6
s2_disgust_4_sequential.mp4,disgust,0.6,-0.6
s13_disgust_3_sequential.mp4,disgust,0.6,-0.6
s19_disgust_5_sequential.mp4,disgust,0.6,-0.6
s24_disgust_5_sequential.mp4,disgust,0.6,-0.6
s2_disgust_2_sequential.mp4,disgust,0.6,-0.6
s23_disgust_5_sequential.mp4,disgust,0.6,-0.6
s25_disgust_5_sequential.mp4,disgust,0.6,-0.6
s3_disgust_1_sequential.mp4,disgust,0.6,-0.6
s5_disgust_5_sequential.mp4,disgust,0.6,-0.6
s27_disgust_1_sequential.mp4,disgust,0.6,-0.6
s30_disgust_2_sequential.mp4,disgust,0.6,-0.6
s12_disgust_3_sequential.mp4,disgust,0.6,-0.6
s12_disgust_1_sequential.mp4,disgust,0.6,-0.6
s16_disgust_1_sequential.mp4,disgust,0.6,-0.6
s24_disgust_2_sequential.mp4,disgust,0.6,-0.6
s4_disgust_2_sequential.mp4,disgust,0.6,-0.6
s10_disgust_5_sequential.mp4,disgust,0.6,-0.6
s20_disgust_4_sequential.mp4,disgust,0.6,-0.6
s41_disgust_4_sequential.mp4,disgust,0.6,-0.6
s32_disgust_3_sequential.mp4,disgust,0.6,-0.6
s12_disgust_2_sequential.mp4,disgust,0.6,-0.6
s5_disgust_1_sequential.mp4,disgust,0.6,-0.6
s35_disgust_5_sequential.mp4,disgust,0.6,-0.6
s1_disgust_4_sequential.mp4,disgust,0.6,-0.6
s31_disgust_4_sequential.mp4,disgust,0.6,-0.6
s22_disgust_3_sequential.mp4,disgust,0.6,-0.6
s9_disgust_3_sequential.mp4,disgust,0.6,-0.6
s29_disgust_3_sequential.mp4,disgust,0.6,-0.6
s32_disgust_5_sequential.mp4,disgust,0.6,-0.6
s34_disgust_4_sequential.mp4,disgust,0.6,-0.6
s26_disgust_1_sequential.mp4,disgust,0.6,-0.6
s30_disgust_5_sequential.mp4,disgust,0.6,-0.6
s35_disgust_2_sequential.mp4,disgust,0.6,-0.6
s42_disgust_1_sequential.mp4,disgust,0.6,-0.6
s3_disgust_2_sequential.mp4,disgust,0.6,-0.6
s26_disgust_4_sequential.mp4,disgust,0.6,-0.6
s5_disgust_3_sequential.mp4,disgust,0.6,-0.6
s2_disgust_1_sequential.mp4,disgust,0.6,-0.6
s3_disgust_4_sequential.mp4,disgust,0.6,-0.6
s27_disgust_3_sequential.mp4,disgust,0.6,-0.6
s18_disgust_2_sequential.mp4,disgust,0.6,-0.6
s7_disgust_2_sequential.mp4,disgust,0.6,-0.6
s15_disgust_3_sequential.mp4,disgust,0.6,-0.6
s26_disgust_3_sequential.mp4,disgust,0.6,-0.6
s9_disgust_5_sequential.mp4,disgust,0.6,-0.6
s3_disgust_5_sequential.mp4,disgust,0.6,-0.6
s31_disgust_1_sequential.mp4,disgust,0.6,-0.6
s34_disgust_2_sequential.mp4,disgust,0.6,-0.6
s34_disgust_5_sequential.mp4,disgust,0.6,-0.6
s18_disgust_5_sequential.mp4,disgust,0.6,-0.6
s38_disgust_2_sequential.mp4,disgust,0.6,-0.6
s29_disgust_4_sequential.mp4,disgust,0.6,-0.6
s7_disgust_5_sequential.mp4,disgust,0.6,-0.6
s33_disgust_5_sequential.mp4,disgust,0.6,-0.6
s40_disgust_5_sequential.mp4,disgust,0.6,-0.6
s24_disgust_3_sequential.mp4,disgust,0.6,-0.6
s26_disgust_5_sequential.mp4,disgust,0.6,-0.6
s22_disgust_1_sequential.mp4,disgust,0.6,-0.6
s44_disgust_5_sequential.mp4,disgust,0.6,-0.6
s1_disgust_3_sequential.mp4,disgust,0.6,-0.6
s8_disgust_1_sequential.mp4,disgust,0.6,-0.6
s2_disgust_5_sequential.mp4,disgust,0.6,-0.6
s28_disgust_4_sequential.mp4,disgust,0.6,-0.6
s24_disgust_1_sequential.mp4,disgust,0.6,-0.6
s34_disgust_1_sequential.mp4,disgust,0.6,-0.6
s22_disgust_4_sequential.mp4,disgust,0.6,-0.6
s14_disgust_3_sequential.mp4,disgust,0.6,-0.6
s10_disgust_3_sequential.mp4,disgust,0.6,-0.6
s35_disgust_1_sequential.mp4,disgust,0.6,-0.6
s13_disgust_1_sequential.mp4,disgust,0.6,-0.6
s19_disgust_3_sequential.mp4,disgust,0.6,-0.6
s7_disgust_1_sequential.mp4,disgust,0.6,-0.6
s32_disgust_4_sequential.mp4,disgust,0.6,-0.6
s38_disgust_3_sequential.mp4,disgust,0.6,-0.6
s17_disgust_4_sequential.mp4,disgust,0.6,-0.6
s42_disgust_3_sequential.mp4,disgust,0.6,-0.6
s37_disgust_2_sequential.mp4,disgust,0.6,-0.6
s19_disgust_1_sequential.mp4,disgust,0.6,-0.6
s40_fear_5_sequential.mp4,fear,0.9,-0.6
s30_fear_1_sequential.mp4,fear,0.9,-0.6
s25_fear_2_sequential.mp4,fear,0.9,-0.6
s8_fear_4_sequential.mp4,fear,0.9,-0.6
s5_fear_4_sequential.mp4,fear,0.9,-0.6
s24_fear_4_sequential.mp4,fear,0.9,-0.6
s31_fear_3_sequential.mp4,fear,0.9,-0.6
s9_fear_3_sequential.mp4,fear,0.9,-0.6
s31_fear_5_sequential.mp4,fear,0.9,-0.6
s23_fear_4_sequential.mp4,fear,0.9,-0.6
s26_fear_3_sequential.mp4,fear,0.9,-0.6
s39_fear_5_sequential.mp4,fear,0.9,-0.6
s14_fear_4_sequential.mp4,fear,0.9,-0.6
s15_fear_3_sequential.mp4,fear,0.9,-0.6
s17_fear_2_sequential.mp4,fear,0.9,-0.6
s33_fear_1_sequential.mp4,fear,0.9,-0.6
s41_fear_2_sequential.mp4,fear,0.9,-0.6
s16_fear_2_sequential.mp4,fear,0.9,-0.6
s28_fear_2_sequential.mp4,fear,0.9,-0.6
s28_fear_5_sequential.mp4,fear,0.9,-0.6
s23_fear_2_sequential.mp4,fear,0.9,-0.6
s21_fear_2_sequential.mp4,fear,0.9,-0.6
s27_fear_3_sequential.mp4,fear,0.9,-0.6
s36_fear_1_sequential.mp4,fear,0.9,-0.6
s35_fear_4_sequential.mp4,fear,0.9,-0.6
s44_fear_5_sequential.mp4,fear,0.9,-0.6
s16_fear_1_sequential.mp4,fear,0.9,-0.6
s5_fear_2_sequential.mp4,fear,0.9,-0.6
s8_fear_2_sequential.mp4,fear,0.9,-0.6
s2_fear_5_sequential.mp4,fear,0.9,-0.6
s33_fear_4_sequential.mp4,fear,0.9,-0.6
s44_fear_4_sequential.mp4,fear,0.9,-0.6
s4_fear_3_sequential.mp4,fear,0.9,-0.6
s23_fear_3_sequential.mp4,fear,0.9,-0.6
s5_fear_3_sequential.mp4,fear,0.9,-0.6
s20_fear_2_sequential.mp4,fear,0.9,-0.6
s24_fear_5_sequential.mp4,fear,0.9,-0.6
s1_fear_1_sequential.mp4,fear,0.9,-0.6
s32_fear_3_sequential.mp4,fear,0.9,-0.6
s14_fear_5_sequential.mp4,fear,0.9,-0.6
s19_fear_5_sequential.mp4,fear,0.9,-0.6
s19_fear_3_sequential.mp4,fear,0.9,-0.6
s33_fear_5_sequential.mp4,fear,0.9,-0.6
s15_fear_4_sequential.mp4,fear,0.9,-0.6
s30_fear_3_sequential.mp4,fear,0.9,-0.6
s9_fear_4_sequential.mp4,fear,0.9,-0.6
s19_fear_1_sequential.mp4,fear,0.9,-0.6
s29_fear_3_sequential.mp4,fear,0.9,-0.6
s18_fear_1_sequential.mp4,fear,0.9,-0.6
s40_fear_2_sequential.mp4,fear,0.9,-0.6
s27_fear_4_sequential.mp4,fear,0.9,-0.6
s15_fear_2_sequential.mp4,fear,0.9,-0.6
s37_fear_5_sequential.mp4,fear,0.9,-0.6
s3_fear_4_sequential.mp4,fear,0.9,-0.6
s19_fear_4_sequential.mp4,fear,0.9,-0.6
s13_fear_5_sequential.mp4,fear,0.9,-0.6
s37_fear_1_sequential.mp4,fear,0.9,-0.6
s38_fear_2_sequential.mp4,fear,0.9,-0.6
s43_fear_2_sequential.mp4,fear,0.9,-0.6
s1_fear_5_sequential.mp4,fear,0.9,-0.6
s20_fear_4_sequential.mp4,fear,0.9,-0.6
s29_fear_4_sequential.mp4,fear,0.9,-0.6
s13_fear_3_sequential.mp4,fear,0.9,-0.6
s24_fear_3_sequential.mp4,fear,0.9,-0.6
s24_fear_1_sequential.mp4,fear,0.9,-0.6
s37_fear_4_sequential.mp4,fear,0.9,-0.6
s28_fear_1_sequential.mp4,fear,0.9,-0.6
s43_fear_4_sequential.mp4,fear,0.9,-0.6
s43_fear_3_sequential.mp4,fear,0.9,-0.6
s38_fear_4_sequential.mp4,fear,0.9,-0.6
s36_fear_2_sequential.mp4,fear,0.9,-0.6
s7_fear_5_sequential.mp4,fear,0.9,-0.6
s10_fear_2_sequential.mp4,fear,0.9,-0.6
s42_fear_4_sequential.mp4,fear,0.9,-0.6
s30_fear_4_sequential.mp4,fear,0.9,-0.6
s18_fear_3_sequential.mp4,fear,0.9,-0.6
s34_fear_2_sequential.mp4,fear,0.9,-0.6
s7_fear_2_sequential.mp4,fear,0.9,-0.6
s10_fear_4_sequential.mp4,fear,0.9,-0.6
s25_fear_3_sequential.mp4,fear,0.9,-0.6
s35_fear_1_sequential.mp4,fear,0.9,-0.6
s3_fear_1_sequential.mp4,fear,0.9,-0.6
s44_fear_2_sequential.mp4,fear,0.9,-0.6
s13_fear_4_sequential.mp4,fear,0.9,-0.6
s32_fear_2_sequential.mp4,fear,0.9,-0.6
s12_fear_3_sequential.mp4,fear,0.9,-0.6
s19_fear_2_sequential.mp4,fear,0.9,-0.6
s30_fear_2_sequential.mp4,fear,0.9,-0.6
s4_fear_5_sequential.mp4,fear,0.9,-0.6
s33_fear_3_sequential.mp4,fear,0.9,-0.6
s26_fear_4_sequential.mp4,fear,0.9,-0.6
s42_fear_5_sequential.mp4,fear,0.9,-0.6
s1_fear_4_sequential.mp4,fear,0.9,-0.6
s18_fear_2_sequential.mp4,fear,0.9,-0.6
s21_fear_1_sequential.mp4,fear,0.9,-0.6
s25_fear_5_sequential.mp4,fear,0.9,-0.6
s21_fear_5_sequential.mp4,fear,0.9,-0.6
s29_fear_5_sequential.mp4,fear,0.9,-0.6
s26_fear_2_sequential.mp4,fear,0.9,-0.6
s41_fear_1_sequential.mp4,fear,0.9,-0.6
s37_fear_2_sequential.mp4,fear,0.9,-0.6
s20_fear_3_sequential.mp4,fear,0.9,-0.6
s3_fear_3_sequential.mp4,fear,0.9,-0.6
s43_fear_5_sequential.mp4,fear,0.9,-0.6
s41_fear_5_sequential.mp4,fear,0.9,-0.6
s23_fear_5_sequential.mp4,fear,0.9,-0.6
s34_fear_5_sequential.mp4,fear,0.9,-0.6
s12_fear_4_sequential.mp4,fear,0.9,-0.6
s38_fear_1_sequential.mp4,fear,0.9,-0.6
s26_fear_1_sequential.mp4,fear,0.9,-0.6
s31_fear_2_sequential.mp4,fear,0.9,-0.6
s39_fear_4_sequential.mp4,fear,0.9,-0.6
s20_fear_5_sequential.mp4,fear,0.9,-0.6
s3_fear_5_sequential.mp4,fear,0.9,-0.6
s22_fear_3_sequential.mp4,fear,0.9,-0.6
s23_fear_1_sequential.mp4,fear,0.9,-0.6
s30_fear_5_sequential.mp4,fear,0.9,-0.6
s32_fear_4_sequential.mp4,fear,0.9,-0.6
s22_fear_2_sequential.mp4,fear,0.9,-0.6
s10_fear_1_sequential.mp4,fear,0.9,-0.6
s6_fear_sequential.mp4,fear,0.9,-0.6
s34_fear_3_sequential.mp4,fear,0.9,-0.6
s35_fear_5_sequential.mp4,fear,0.9,-0.6
s30_happiness_4_sequential.mp4,happiness,0.7,0.8
s31_happiness_4_sequential.mp4,happiness,0.7,0.8
s42_happiness_3_sequential.mp4,happiness,0.7,0.8
s7_happiness_4_sequential.mp4,happiness,0.7,0.8
s15_happiness_4_sequential.mp4,happiness,0.7,0.8
s7_happiness_1_sequential.mp4,happiness,0.7,0.8
s33_happiness_2_sequential.mp4,happiness,0.7,0.8
s16_happiness_5_sequential.mp4,happiness,0.7,0.8
s39_happiness_3_sequential.mp4,happiness,0.7,0.8
s29_happiness_3_sequential.mp4,happiness,0.7,0.8
s43_happiness_1_sequential.mp4,happiness,0.7,0.8
s12_happiness_4_sequential.mp4,happiness,0.7,0.8
s34_happiness_2_sequential.mp4,happiness,0.7,0.8
s32_happiness_5_sequential.mp4,happiness,0.7,0.8
s37_happiness_4_sequential.mp4,happiness,0.7,0.8
s34_happiness_3_sequential.mp4,happiness,0.7,0.8
s41_happiness_1_sequential.mp4,happiness,0.7,0.8
s5_happiness_1_sequential.mp4,happiness,0.7,0.8
s44_happiness_2_sequential.mp4,happiness,0.7,0.8
s8_happiness_1_sequential.mp4,happiness,0.7,0.8
s13_happiness_3_sequential.mp4,happiness,0.7,0.8
s20_happiness_1_sequential.mp4,happiness,0.7,0.8
s13_happiness_4_sequential.mp4,happiness,0.7,0.8
s17_happiness_5_sequential.mp4,happiness,0.7,0.8
s38_happiness_3_sequential.mp4,happiness,0.7,0.8
s44_happiness_5_sequential.mp4,happiness,0.7,0.8
s33_happiness_1_sequential.mp4,happiness,0.7,0.8
s38_happiness_1_sequential.mp4,happiness,0.7,0.8
s29_happiness_5_sequential.mp4,happiness,0.7,0.8
s30_happiness_2_sequential.mp4,happiness,0.7,0.8
s15_happiness_3_sequential.mp4,happiness,0.7,0.8
s42_happiness_5_sequential.mp4,happiness,0.7,0.8
s21_happiness_1_sequential.mp4,happiness,0.7,0.8
s44_happiness_4_sequential.mp4,happiness,0.7,0.8
s14_happiness_3_sequential.mp4,happiness,0.7,0.8
s12_happiness_1_sequential.mp4,happiness,0.7,0.8
s36_happiness_3_sequential.mp4,happiness,0.7,0.8
s35_happiness_5_sequential.mp4,happiness,0.7,0.8
s31_happiness_5_sequential.mp4,happiness,0.7,0.8
s43_happiness_2_sequential.mp4,happiness,0.7,0.8
s28_happiness_3_sequential.mp4,happiness,0.7,0.8
s25_happiness_1_sequential.mp4,happiness,0.7,0.8
s33_happiness_4_sequential.mp4,happiness,0.7,0.8
s5_happiness_3_sequential.mp4,happiness,0.7,0.8
s1_happiness_4_sequential.mp4,happiness,0.7,0.8
s19_happiness_5_sequential.mp4,happiness,0.7,0.8
s29_happiness_2_sequential.mp4,happiness,0.7,0.8
s2_happiness_1_sequential.mp4,happiness,0.7,0.8
s27_happiness_5_sequential.mp4,happiness,0.7,0.8
s24_happiness_5_sequential.mp4,happiness,0.7,0.8
s18_happiness_1_sequential.mp4,happiness,0.7,0.8
s38_happiness_2_sequential.mp4,happiness,0.7,0.8
s38_happiness_4_sequential.mp4,happiness,0.7,0.8
s44_happiness_1_sequential.mp4,happiness,0.7,0.8
s1_happiness_1_sequential.mp4,happiness,0.7,0.8
s5_happiness_4_sequential.mp4,happiness,0.7,0.8
s2_happiness_4_sequential.mp4,happiness,0.7,0.8
s32_happiness_4_sequential.mp4,happiness,0.7,0.8
s44_happiness_3_sequential.mp4,happiness,0.7,0.8
s19_happiness_3_sequential.mp4,happiness,0.7,0.8
s8_happiness_5_sequential.mp4,happiness,0.7,0.8
s17_happiness_2_sequential.mp4,happiness,0.7,0.8
s10_happiness_3_sequential.mp4,happiness,0.7,0.8
s32_happiness_1_sequential.mp4,happiness,0.7,0.8
s24_happiness_4_sequential.mp4,happiness,0.7,0.8
s20_happiness_3_sequential.mp4,happiness,0.7,0.8
s24_happiness_3_sequential.mp4,happiness,0.7,0.8
s9_happiness_4_sequential.mp4,happiness,0.7,0.8
s35_happiness_2_sequential.mp4,happiness,0.7,0.8
s37_happiness_1_sequential.mp4,happiness,0.7,0.8
s4_happiness_5_sequential.mp4,happiness,0.7,0.8
s10_happiness_2_sequential.mp4,happiness,0.7,0.8
s30_happiness_1_sequential.mp4,happiness,0.7,0.8
s41_happiness_2_sequential.mp4,happiness,0.7,0.8
s16_happiness_1_sequential.mp4,happiness,0.7,0.8
s35_happiness_3_sequential.mp4,happiness,0.7,0.8
s37_happiness_2_sequential.mp4,happiness,0.7,0.8
s19_happiness_4_sequential.mp4,happiness,0.7,0.8
s42_happiness_1_sequential.mp4,happiness,0.7,0.8
s7_happiness_2_sequential.mp4,happiness,0.7,0.8
s21_happiness_4_sequential.mp4,happiness,0.7,0.8
s14_happiness_5_sequential.mp4,happiness,0.7,0.8
s43_happiness_4_sequential.mp4,happiness,0.7,0.8
s15_happiness_1_sequential.mp4,happiness,0.7,0.8
s22_happiness_1_sequential.mp4,happiness,0.7,0.8
s9_happiness_2_sequential.mp4,happiness,0.7,0.8
s27_happiness_4_sequential.mp4,happiness,0.7,0.8
s30_happiness_3_sequential.mp4,happiness,0.7,0.8
s38_happiness_5_sequential.mp4,happiness,0.7,0.8
s15_happiness_5_sequential.mp4,happiness,0.7,0.8
s36_happiness_4_sequential.mp4,happiness,0.7,0.8
s25_happiness_5_sequential.mp4,happiness,0.7,0.8
s13_happiness_5_sequential.mp4,happiness,0.7,0.8
s8_happiness_3_sequential.mp4,happiness,0.7,0.8
s31_happiness_3_sequential.mp4,happiness,0.7,0.8
s5_happiness_5_sequential.mp4,happiness,0.7,0.8
s18_happiness_5_sequential.mp4,happiness,0.7,0.8
s2_happiness_2_sequential.mp4,happiness,0.7,0.8
s40_happiness_5_sequential.mp4,happiness,0.7,0.8
s9_happiness_1_sequential.mp4,happiness,0.7,0.8
s27_happiness_3_sequential.mp4,happiness,0.7,0.8
s4_happiness_3_sequential.mp4,happiness,0.7,0.8
s20_happiness_2_sequential.mp4,happiness,0.7,0.8
s40_happiness_4_sequential.mp4,happiness,0.7,0.8
s9_happiness_5_sequential.mp4,happiness,0.7,0.8
s13_happiness_2_sequential.mp4,happiness,0.7,0.8
s39_happiness_2_sequential.mp4,happiness,0.7,0.8
s20_happiness_4_sequential.mp4,happiness,0.7,0.8
s35_happiness_1_sequential.mp4,happiness,0.7,0.8
s10_happiness_1_sequential.mp4,happiness,0.7,0.8
s12_happiness_2_sequential.mp4,happiness,0.7,0.8
s23_happiness_4_sequential.mp4,happiness,0.7,0.8
s19_happiness_2_sequential.mp4,happiness,0.7,0.8
s5_happiness_2_sequential.mp4,happiness,0.7,0.8
s16_happiness_2_sequential.mp4,happiness,0.7,0.8
s18_happiness_2_sequential.mp4,happiness,0.7,0.8
s8_happiness_2_sequential.mp4,happiness,0.7,0.8
s33_happiness_5_sequential.mp4,happiness,0.7,0.8
s26_happiness_4_sequential.mp4,happiness,0.7,0.8
s26_happiness_3_sequential.mp4,happiness,0.7,0.8
s42_happiness_2_sequential.mp4,happiness,0.7,0.8
s3_happiness_1_sequential.mp4,happiness,0.7,0.8
s3_happiness_5_sequential.mp4,happiness,0.7,0.8
s6_happiness_sequential.mp4,happiness,0.7,0.8
s17_sadness_3_sequential.mp4,sadness,-0.4,-0.7
s18_sadness_3_sequential.mp4,sadness,-0.4,-0.7
s38_sadness_4_sequential.mp4,sadness,-0.4,-0.7
s38_sadness_5_sequential.mp4,sadness,-0.4,-0.7
s28_sadness_5_sequential.mp4,sadness,-0.4,-0.7
s8_sadness_5_sequential.mp4,sadness,-0.4,-0.7
s18_sadness_4_sequential.mp4,sadness,-0.4,-0.7
s14_sadness_5_sequential.mp4,sadness,-0.4,-0.7
s8_sadness_2_sequential.mp4,sadness,-0.4,-0.7
s41_sadness_2_sequential.mp4,sadness,-0.4,-0.7
s12_sadness_4_sequential.mp4,sadness,-0.4,-0.7
s15_sadness_4_sequential.mp4,sadness,-0.4,-0.7
s10_sadness_2_sequential.mp4,sadness,-0.4,-0.7
s21_sadness_4_sequential.mp4,sadness,-0.4,-0.7
s33_sadness_4_sequential.mp4,sadness,-0.4,-0.7
s14_sadness_2_sequential.mp4,sadness,-0.4,-0.7
s5_sadness_4_sequential.mp4,sadness,-0.4,-0.7
s36_sadness_3_sequential.mp4,sadness,-0.4,-0.7
s23_sadness_5_sequential.mp4,sadness,-0.4,-0.7
s27_sadness_4_sequential.mp4,sadness,-0.4,-0.7
s39_sadness_2_sequential.mp4,sadness,-0.4,-0.7
s31_sadness_3_sequential.mp4,sadness,-0.4,-0.7
s40_sadness_3_sequential.mp4,sadness,-0.4,-0.7
s32_sadness_2_sequential.mp4,sadness,-0.4,-0.7
s4_sadness_1_sequential.mp4,sadness,-0.4,-0.7
s34_sadness_4_sequential.mp4,sadness,-0.4,-0.7
s7_sadness_3_sequential.mp4,sadness,-0.4,-0.7
s17_sadness_5_sequential.mp4,sadness,-0.4,-0.7
s25_sadness_5_sequential.mp4,sadness,-0.4,-0.7
s35_sadness_3_sequential.mp4,sadness,-0.4,-0.7
s28_sadness_1_sequential.mp4,sadness,-0.4,-0.7
s2_sadness_1_sequential.mp4,sadness,-0.4,-0.7
s42_sadness_2_sequential.mp4,sadness,-0.4,-0.7
s28_sadness_3_sequential.mp4,sadness,-0.4,-0.7
s5_sadness_5_sequential.mp4,sadness,-0.4,-0.7
s14_sadness_4_sequential.mp4,sadness,-0.4,-0.7
s18_sadness_5_sequential.mp4,sadness,-0.4,-0.7
s39_sadness_4_sequential.mp4,sadness,-0.4,-0.7
s23_sadness_3_sequential.mp4,sadness,-0.4,-0.7
s41_sadness_4_sequential.mp4,sadness,-0.4,-0.7
s20_sadness_5_sequential.mp4,sadness,-0.4,-0.7
s33_sadness_5_sequential.mp4,sadness,-0.4,-0.7
s16_sadness_4_sequential.mp4,sadness,-0.4,-0.7
s26_sadness_4_sequential.mp4,sadness,-0.4,-0.7
s44_sadness_1_sequential.mp4,sadness,-0.4,-0.7
s16_sadness_5_sequential.mp4,sadness,-0.4,-0.7
s21_sadness_3_sequential.mp4,sadness,-0.4,-0.7
s37_sadness_3_sequential.mp4,sadness,-0.4,-0.7
s35_sadness_5_sequential.mp4,sadness,-0.4,-0.7
s13_sadness_2_sequential.mp4,sadness,-0.4,-0.7
s34_sadness_5_sequential.mp4,sadness,-0.4,-0.7
s27_sadness_3_sequential.mp4,sadness,-0.4,-0.7
s4_sadness_3_sequential.mp4,sadness,-0.4,-0.7
s24_sadness_4_sequential.mp4,sadness,-0.4,-0.7
s38_sadness_3_sequential.mp4,sadness,-0.4,-0.7
s25_sadness_1_sequential.mp4,sadness,-0.4,-0.7
s7_sadness_1_sequential.mp4,sadness,-0.4,-0.7
s32_sadness_3_sequential.mp4,sadness,-0.4,-0.7
s9_sadness_4_sequential.mp4,sadness,-0.4,-0.7
s41_sadness_1_sequential.mp4,sadness,-0.4,-0.7
s32_sadness_5_sequential.mp4,sadness,-0.4,-0.7
s39_sadness_1_sequential.mp4,sadness,-0.4,-0.7
s4_sadness_5_sequential.mp4,sadness,-0.4,-0.7
s32_sadness_4_sequential.mp4,sadness,-0.4,-0.7
s21_sadness_1_sequential.mp4,sadness,-0.4,-0.7
s17_sadness_1_sequential.mp4,sadness,-0.4,-0.7
s17_sadness_4_sequential.mp4,sadness,-0.4,-0.7
s23_sadness_4_sequential.mp4,sadness,-0.4,-0.7
s7_sadness_2_sequential.mp4,sadness,-0.4,-0.7
s44_sadness_4_sequential.mp4,sadness,-0.4,-0.7
s12_sadness_3_sequential.mp4,sadness,-0.4,-0.7
s8_sadness_3_sequential.mp4,sadness,-0.4,-0.7
s44_sadness_5_sequential.mp4,sadness,-0.4,-0.7
s43_sadness_1_sequential.mp4,sadness,-0.4,-0.7
s8_sadness_4_sequential.mp4,sadness,-0.4,-0.7
s13_sadness_4_sequential.mp4,sadness,-0.4,-0.7
s15_sadness_3_sequential.mp4,sadness,-0.4,-0.7
s10_sadness_3_sequential.mp4,sadness,-0.4,-0.7
s1_sadness_1_sequential.mp4,sadness,-0.4,-0.7
s39_sadness_3_sequential.mp4,sadness,-0.4,-0.7
s2_sadness_3_sequential.mp4,sadness,-0.4,-0.7
s26_sadness_3_sequential.mp4,sadness,-0.4,-0.7
s23_sadness_2_sequential.mp4,sadness,-0.4,-0.7
s21_sadness_2_sequential.mp4,sadness,-0.4,-0.7
s26_sadness_1_sequential.mp4,sadness,-0.4,-0.7
s4_sadness_4_sequential.mp4,sadness,-0.4,-0.7
s16_sadness_1_sequential.mp4,sadness,-0.4,-0.7
s33_sadness_3_sequential.mp4,sadness,-0.4,-0.7
s40_sadness_2_sequential.mp4,sadness,-0.4,-0.7
s30_sadness_3_sequential.mp4,sadness,-0.4,-0.7
s2_sadness_5_sequential.mp4,sadness,-0.4,-0.7
s41_sadness_5_sequential.mp4,sadness,-0.4,-0.7
s27_sadness_1_sequential.mp4,sadness,-0.4,-0.7
s10_sadness_5_sequential.mp4,sadness,-0.4,-0.7
s36_sadness_1_sequential.mp4,sadness,-0.4,-0.7
s13_sadness_3_sequential.mp4,sadness,-0.4,-0.7
s36_sadness_4_sequential.mp4,sadness,-0.4,-0.7
s1_sadness_5_sequential.mp4,sadness,-0.4,-0.7
s9_sadness_2_sequential.mp4,sadness,-0.4,-0.7
s7_sadness_5_sequential.mp4,sadness,-0.4,-0.7
s28_sadness_2_sequential.mp4,sadness,-0.4,-0.7
s43_sadness_3_sequential.mp4,sadness,-0.4,-0.7
s17_sadness_2_sequential.mp4,sadness,-0.4,-0.7
s31_sadness_4_sequential.mp4,sadness,-0.4,-0.7
s37_sadness_1_sequential.mp4,sadness,-0.4,-0.7
s37_sadness_5_sequential.mp4,sadness,-0.4,-0.7
s34_sadness_1_sequential.mp4,sadness,-0.4,-0.7
s29_sadness_5_sequential.mp4,sadness,-0.4,-0.7
s23_sadness_1_sequential.mp4,sadness,-0.4,-0.7
s20_sadness_3_sequential.mp4,sadness,-0.4,-0.7
s42_sadness_5_sequential.mp4,sadness,-0.4,-0.7
s38_sadness_1_sequential.mp4,sadness,-0.4,-0.7
s19_sadness_1_sequential.mp4,sadness,-0.4,-0.7
s16_sadness_3_sequential.mp4,sadness,-0.4,-0.7
s35_sadness_1_sequential.mp4,sadness,-0.4,-0.7
s21_sadness_5_sequential.mp4,sadness,-0.4,-0.7
s43_sadness_5_sequential.mp4,sadness,-0.4,-0.7
s1_sadness_3_sequential.mp4,sadness,-0.4,-0.7
s40_sadness_1_sequential.mp4,sadness,-0.4,-0.7
s33_sadness_2_sequential.mp4,sadness,-0.4,-0.7
s42_sadness_4_sequential.mp4,sadness,-0.4,-0.7
s3_sadness_4_sequential.mp4,sadness,-0.4,-0.7
s3_sadness_1_sequential.mp4,sadness,-0.4,-0.7
s3_sadness_5_sequential.mp4,sadness,-0.4,-0.7
s16_surprise_4_sequential.mp4,surprise,0.9,0.4
s8_surprise_2_sequential.mp4,surprise,0.9,0.4
s1_surprise_4_sequential.mp4,surprise,0.9,0.4
s41_surprise_4_sequential.mp4,surprise,0.9,0.4
s43_surprise_1_sequential.mp4,surprise,0.9,0.4
s41_surprise_3_sequential.mp4,surprise,0.9,0.4
s2_surprise_4_sequential.mp4,surprise,0.9,0.4
s37_surprise_4_sequential.mp4,surprise,0.9,0.4
s25_surprise_5_sequential.mp4,surprise,0.9,0.4
s28_surprise_5_sequential.mp4,surprise,0.9,0.4
s34_surprise_3_sequential.mp4,surprise,0.9,0.4
s28_surprise_2_sequential.mp4,surprise,0.9,0.4
s10_surprise_1_sequential.mp4,surprise,0.9,0.4
s36_surprise_4_sequential.mp4,surprise,0.9,0.4
s4_surprise_3_sequential.mp4,surprise,0.9,0.4
s19_surprise_4_sequential.mp4,surprise,0.9,0.4
s19_surprise_2_sequential.mp4,surprise,0.9,0.4
s30_surprise_5_sequential.mp4,surprise,0.9,0.4
s9_surprise_5_sequential.mp4,surprise,0.9,0.4
s22_surprise_4_sequential.mp4,surprise,0.9,0.4
s32_surprise_2_sequential.mp4,surprise,0.9,0.4
s4_surprise_1_sequential.mp4,surprise,0.9,0.4
s17_surprise_4_sequential.mp4,surprise,0.9,0.4
s20_surprise_5_sequential.mp4,surprise,0.9,0.4
s18_surprise_1_sequential.mp4,surprise,0.9,0.4
s43_surprise_5_sequential.mp4,surprise,0.9,0.4
s25_surprise_2_sequential.mp4,surprise,0.9,0.4
s36_surprise_2_sequential.mp4,surprise,0.9,0.4
s7_surprise_5_sequential.mp4,surprise,0.9,0.4
s41_surprise_2_sequential.mp4,surprise,0.9,0.4
s42_surprise_1_sequential.mp4,surprise,0.9,0.4
s5_surprise_1_sequential.mp4,surprise,0.9,0.4
s42_surprise_5_sequential.mp4,surprise,0.9,0.4
s30_surprise_2_sequential.mp4,surprise,0.9,0.4
s25_surprise_4_sequential.mp4,surprise,0.9,0.4
s26_surprise_4_sequential.mp4,surprise,0.9,0.4
s38_surprise_5_sequential.mp4,surprise,0.9,0.4
s30_surprise_1_sequential.mp4,surprise,0.9,0.4
s13_surprise_1_sequential.mp4,surprise,0.9,0.4
s21_surprise_4_sequential.mp4,surprise,0.9,0.4
s18_surprise_3_sequential.mp4,surprise,0.9,0.4
s12_surprise_5_sequential.mp4,surprise,0.9,0.4
s15_surprise_1_sequential.mp4,surprise,0.9,0.4
s24_surprise_2_sequential.mp4,surprise,0.9,0.4
s44_surprise_3_sequential.mp4,surprise,0.9,0.4
s14_surprise_1_sequential.mp4,surprise,0.9,0.4
s44_surprise_1_sequential.mp4,surprise,0.9,0.4
s1_surprise_5_sequential.mp4,surprise,0.9,0.4
s30_surprise_4_sequential.mp4,surprise,0.9,0.4
s43_surprise_4_sequential.mp4,surprise,0.9,0.4
s20_surprise_4_sequential.mp4,surprise,0.9,0.4
s20_surprise_1_sequential.mp4,surprise,0.9,0.4
s15_surprise_2_sequential.mp4,surprise,0.9,0.4
s29_surprise_5_sequential.mp4,surprise,0.9,0.4
s43_surprise_3_sequential.mp4,surprise,0.9,0.4
s16_surprise_5_sequential.mp4,surprise,0.9,0.4
s12_surprise_4_sequential.mp4,surprise,0.9,0.4
s4_surprise_4_sequential.mp4,surprise,0.9,0.4
s7_surprise_2_sequential.mp4,surprise,0.9,0.4
s32_surprise_3_sequential.mp4,surprise,0.9,0.4
s17_surprise_3_sequential.mp4,surprise,0.9,0.4
s8_surprise_1_sequential.mp4,surprise,0.9,0.4
s22_surprise_3_sequential.mp4,surprise,0.9,0.4
s26_surprise_3_sequential.mp4,surprise,0.9,0.4
s44_surprise_4_sequential.mp4,surprise,0.9,0.4
s17_surprise_5_sequential.mp4,surprise,0.9,0.4
s22_surprise_2_sequential.mp4,surprise,0.9,0.4
s29_surprise_1_sequential.mp4,surprise,0.9,0.4
s8_surprise_4_sequential.mp4,surprise,0.9,0.4
s35_surprise_4_sequential.mp4,surprise,0.9,0.4
s27_surprise_3_sequential.mp4,surprise,0.9,0.4
s34_surprise_5_sequential.mp4,surprise,0.9,0.4
s32_surprise_4_sequential.mp4,surprise,0.9,0.4
s6_surprise_sequential.mp4,surprise,0.9,0.4
s33_surprise_4_sequential.mp4,surprise,0.9,0.4
s15_surprise_5_sequential.mp4,surprise,0.9,0.4
s32_surprise_1_sequential.mp4,surprise,0.9,0.4
s10_surprise_4_sequential.mp4,surprise,0.9,0.4
s10_surprise_3_sequential.mp4,surprise,0.9,0.4
s7_surprise_4_sequential.mp4,surprise,0.9,0.4
s23_surprise_3_sequential.mp4,surprise,0.9,0.4
s23_surprise_5_sequential.mp4,surprise,0.9,0.4
s24_surprise_4_sequential.mp4,surprise,0.9,0.4
s27_surprise_4_sequential.mp4,surprise,0.9,0.4
s30_surprise_3_sequential.mp4,surprise,0.9,0.4
s4_surprise_5_sequential.mp4,surprise,0.9,0.4
s14_surprise_2_sequential.mp4,surprise,0.9,0.4
s38_surprise_4_sequential.mp4,surprise,0.9,0.4
s12_surprise_3_sequential.mp4,surprise,0.9,0.4
s33_surprise_1_sequential.mp4,surprise,0.9,0.4
s35_surprise_5_sequential.mp4,surprise,0.9,0.4
s22_surprise_1_sequential.mp4,surprise,0.9,0.4
s15_surprise_3_sequential.mp4,surprise,0.9,0.4
s4_surprise_2_sequential.mp4,surprise,0.9,0.4
s5_surprise_4_sequential.mp4,surprise,0.9,0.4
s12_surprise_1_sequential.mp4,surprise,0.9,0.4
s33_surprise_5_sequential.mp4,surprise,0.9,0.4
s9_surprise_2_sequential.mp4,surprise,0.9,0.4
s31_surprise_3_sequential.mp4,surprise,0.9,0.4
s10_surprise_5_sequential.mp4,surprise,0.9,0.4
s10_surprise_2_sequential.mp4,surprise,0.9,0.4
s19_surprise_5_sequential.mp4,surprise,0.9,0.4
s9_surprise_1_sequential.mp4,surprise,0.9,0.4
s36_surprise_1_sequential.mp4,surprise,0.9,0.4
s13_surprise_2_sequential.mp4,surprise,0.9,0.4
s44_surprise_5_sequential.mp4,surprise,0.9,0.4
s2_surprise_3_sequential.mp4,surprise,0.9,0.4
s42_surprise_3_sequential.mp4,surprise,0.9,0.4
s21_surprise_2_sequential.mp4,surprise,0.9,0.4
s33_surprise_3_sequential.mp4,surprise,0.9,0.4
s28_surprise_4_sequential.mp4,surprise,0.9,0.4
s31_surprise_5_sequential.mp4,surprise,0.9,0.4
s31_surprise_2_sequential.mp4,surprise,0.9,0.4
s40_surprise_5_sequential.mp4,surprise,0.9,0.4
s20_surprise_3_sequential.mp4,surprise,0.9,0.4
s24_surprise_3_sequential.mp4,surprise,0.9,0.4
s36_surprise_3_sequential.mp4,surprise,0.9,0.4
s38_surprise_2_sequential.mp4,surprise,0.9,0.4
s29_surprise_2_sequential.mp4,surprise,0.9,0.4
s19_surprise_3_sequential.mp4,surprise,0.9,0.4
s12_surprise_2_sequential.mp4,surprise,0.9,0.4
s35_surprise_2_sequential.mp4,surprise,0.9,0.4
s2_surprise_1_sequential.mp4,surprise,0.9,0.4
s23_surprise_4_sequential.mp4,surprise,0.9,0.4
s27_surprise_1_sequential.mp4,surprise,0.9,0.4
s33_surprise_2_sequential.mp4,surprise,0.9,0.4
s16_fear_4_sequential.mp4,fear,0.9,-0.6
s20_sadness_4_sequential.mp4,sadness,-0.4,-0.7
s18_disgust_3_sequential.mp4,disgust,0.6,-0.6
s9_anger_3_sequential.mp4,anger,0.8,-0.6
s23_anger_1_sequential.mp4,anger,0.8,-0.6
s15_anger_3_sequential.mp4,anger,0.8,-0.6
s41_anger_4_sequential.mp4,anger,0.8,-0.6
s26_anger_3_sequential.mp4,anger,0.8,-0.6
s44_anger_5_sequential.mp4,anger,0.8,-0.6
s44_anger_3_sequential.mp4,anger,0.8,-0.6
s37_anger_3_sequential.mp4,anger,0.8,-0.6
s22_anger_5_sequential.mp4,anger,0.8,-0.6
s37_anger_1_sequential.mp4,anger,0.8,-0.6
s15_anger_4_sequential.mp4,anger,0.8,-0.6
s43_anger_3_sequential.mp4,anger,0.8,-0.6
s24_anger_5_sequential.mp4,anger,0.8,-0.6
s2_anger_4_sequential.mp4,anger,0.8,-0.6
s19_anger_3_sequential.mp4,anger,0.8,-0.6
s26_anger_2_sequential.mp4,anger,0.8,-0.6
s33_anger_2_sequential.mp4,anger,0.8,-0.6
s2_anger_3_sequential.mp4,anger,0.8,-0.6
s23_anger_2_sequential.mp4,anger,0.8,-0.6
s12_anger_2_sequential.mp4,anger,0.8,-0.6
s18_anger_4_sequential.mp4,anger,0.8,-0.6
s16_anger_1_sequential.mp4,anger,0.8,-0.6
s18_anger_5_sequential.mp4,anger,0.8,-0.6
s4_anger_4_sequential.mp4,anger,0.8,-0.6
s5_anger_2_sequential.mp4,anger,0.8,-0.6
s21_anger_5_sequential.mp4,anger,0.8,-0.6
s32_anger_5_sequential.mp4,anger,0.8,-0.6
s40_anger_3_sequential.mp4,anger,0.8,-0.6
s34_anger_1_sequential.mp4,anger,0.8,-0.6
s4_anger_1_sequential.mp4,anger,0.8,-0.6
s38_anger_1_sequential.mp4,anger,0.8,-0.6
s26_anger_1_sequential.mp4,anger,0.8,-0.6
s7_anger_4_sequential.mp4,anger,0.8,-0.6
s34_anger_4_sequential.mp4,anger,0.8,-0.6
s10_anger_2_sequential.mp4,anger,0.8,-0.6
s28_anger_3_sequential.mp4,anger,0.8,-0.6
s12_anger_4_sequential.mp4,anger,0.8,-0.6
s14_anger_2_sequential.mp4,anger,0.8,-0.6
s19_anger_1_sequential.mp4,anger,0.8,-0.6
s8_anger_1_sequential.mp4,anger,0.8,-0.6
s23_anger_5_sequential.mp4,anger,0.8,-0.6
s27_anger_5_sequential.mp4,anger,0.8,-0.6
s21_disgust_4_sequential.mp4,disgust,0.6,-0.6
s21_disgust_3_sequential.mp4,disgust,0.6,-0.6
s23_disgust_2_sequential.mp4,disgust,0.6,-0.6
s17_disgust_2_sequential.mp4,disgust,0.6,-0.6
s3_disgust_3_sequential.mp4,disgust,0.6,-0.6
s20_disgust_1_sequential.mp4,disgust,0.6,-0.6
s7_disgust_3_sequential.mp4,disgust,0.6,-0.6
s27_disgust_2_sequential.mp4,disgust,0.6,-0.6
s44_disgust_2_sequential.mp4,disgust,0.6,-0.6
s13_disgust_2_sequential.mp4,disgust,0.6,-0.6
s39_disgust_3_sequential.mp4,disgust,0.6,-0.6
s1_disgust_5_sequential.mp4,disgust,0.6,-0.6
s10_disgust_4_sequential.mp4,disgust,0.6,-0.6
s44_disgust_4_sequential.mp4,disgust,0.6,-0.6
s32_disgust_1_sequential.mp4,disgust,0.6,-0.6
s17_disgust_3_sequential.mp4,disgust,0.6,-0.6
s44_disgust_3_sequential.mp4,disgust,0.6,-0.6
s38_disgust_5_sequential.mp4,disgust,0.6,-0.6
s29_disgust_2_sequential.mp4,disgust,0.6,-0.6
s15_disgust_2_sequential.mp4,disgust,0.6,-0.6
s38_disgust_1_sequential.mp4,disgust,0.6,-0.6
s27_disgust_4_sequential.mp4,disgust,0.6,-0.6
s37_disgust_4_sequential.mp4,disgust,0.6,-0.6
s35_disgust_3_sequential.mp4,disgust,0.6,-0.6
s1_disgust_2_sequential.mp4,disgust,0.6,-0.6
s30_disgust_3_sequential.mp4,disgust,0.6,-0.6
s27_disgust_5_sequential.mp4,disgust,0.6,-0.6
s14_disgust_4_sequential.mp4,disgust,0.6,-0.6
s43_disgust_3_sequential.mp4,disgust,0.6,-0.6
s17_disgust_5_sequential.mp4,disgust,0.6,-0.6
s16_disgust_2_sequential.mp4,disgust,0.6,-0.6
s33_disgust_2_sequential.mp4,disgust,0.6,-0.6
s13_disgust_4_sequential.mp4,disgust,0.6,-0.6
s41_disgust_2_sequential.mp4,disgust,0.6,-0.6
s37_disgust_3_sequential.mp4,disgust,0.6,-0.6
s15_disgust_1_sequential.mp4,disgust,0.6,-0.6
s21_disgust_5_sequential.mp4,disgust,0.6,-0.6
s8_disgust_4_sequential.mp4,disgust,0.6,-0.6
s1_disgust_1_sequential.mp4,disgust,0.6,-0.6
s33_disgust_1_sequential.mp4,disgust,0.6,-0.6
s44_fear_1_sequential.mp4,fear,0.9,-0.6
s25_fear_4_sequential.mp4,fear,0.9,-0.6
s13_fear_2_sequential.mp4,fear,0.9,-0.6
s2_fear_3_sequential.mp4,fear,0.9,-0.6
s5_fear_5_sequential.mp4,fear,0.9,-0.6
s33_fear_2_sequential.mp4,fear,0.9,-0.6
s38_fear_3_sequential.mp4,fear,0.9,-0.6
s7_fear_1_sequential.mp4,fear,0.9,-0.6
s14_fear_2_sequential.mp4,fear,0.9,-0.6
s16_fear_3_sequential.mp4,fear,0.9,-0.6
s43_fear_1_sequential.mp4,fear,0.9,-0.6
s36_fear_5_sequential.mp4,fear,0.9,-0.6
s17_fear_4_sequential.mp4,fear,0.9,-0.6
s4_fear_4_sequential.mp4,fear,0.9,-0.6
s5_fear_1_sequential.mp4,fear,0.9,-0.6
s4_fear_1_sequential.mp4,fear,0.9,-0.6
s42_fear_2_sequential.mp4,fear,0.9,-0.6
s3_fear_2_sequential.mp4,fear,0.9,-0.6
s9_fear_2_sequential.mp4,fear,0.9,-0.6
s35_fear_3_sequential.mp4,fear,0.9,-0.6
s8_fear_1_sequential.mp4,fear,0.9,-0.6
s15_fear_5_sequential.mp4,fear,0.9,-0.6
s2_fear_2_sequential.mp4,fear,0.9,-0.6
s1_fear_3_sequential.mp4,fear,0.9,-0.6
s26_fear_5_sequential.mp4,fear,0.9,-0.6
s28_fear_4_sequential.mp4,fear,0.9,-0.6
s18_fear_4_sequential.mp4,fear,0.9,-0.6
s18_fear_5_sequential.mp4,fear,0.9,-0.6
s40_fear_1_sequential.mp4,fear,0.9,-0.6
s34_fear_1_sequential.mp4,fear,0.9,-0.6
s39_fear_3_sequential.mp4,fear,0.9,-0.6
s25_fear_1_sequential.mp4,fear,0.9,-0.6
s7_fear_4_sequential.mp4,fear,0.9,-0.6
s37_fear_3_sequential.mp4,fear,0.9,-0.6
s9_fear_5_sequential.mp4,fear,0.9,-0.6
s40_fear_4_sequential.mp4,fear,0.9,-0.6
s44_fear_3_sequential.mp4,fear,0.9,-0.6
s12_fear_5_sequential.mp4,fear,0.9,-0.6
s16_fear_5_sequential.mp4,fear,0.9,-0.6
s31_fear_1_sequential.mp4,fear,0.9,-0.6
s40_happiness_1_sequential.mp4,happiness,0.7,0.8
s39_happiness_5_sequential.mp4,happiness,0.7,0.8
s27_happiness_2_sequential.mp4,happiness,0.7,0.8
s8_happiness_4_sequential.mp4,happiness,0.7,0.8
s7_happiness_3_sequential.mp4,happiness,0.7,0.8
s21_happiness_5_sequential.mp4,happiness,0.7,0.8
s17_happiness_1_sequential.mp4,happiness,0.7,0.8
s40_happiness_3_sequential.mp4,happiness,0.7,0.8
s29_happiness_4_sequential.mp4,happiness,0.7,0.8
s7_happiness_5_sequential.mp4,happiness,0.7,0.8
s43_happiness_5_sequential.mp4,happiness,0.7,0.8
s34_happiness_1_sequential.mp4,happiness,0.7,0.8
s31_happiness_1_sequential.mp4,happiness,0.7,0.8
s29_happiness_1_sequential.mp4,happiness,0.7,0.8
s37_happiness_3_sequential.mp4,happiness,0.7,0.8
s25_happiness_2_sequential.mp4,happiness,0.7,0.8
s4_happiness_1_sequential.mp4,happiness,0.7,0.8
s24_happiness_2_sequential.mp4,happiness,0.7,0.8
s16_happiness_3_sequential.mp4,happiness,0.7,0.8
s22_happiness_2_sequential.mp4,happiness,0.7,0.8
s1_happiness_5_sequential.mp4,happiness,0.7,0.8
s1_happiness_3_sequential.mp4,happiness,0.7,0.8
s2_happiness_3_sequential.mp4,happiness,0.7,0.8
s28_happiness_1_sequential.mp4,happiness,0.7,0.8
s37_happiness_5_sequential.mp4,happiness,0.7,0.8
s40_happiness_2_sequential.mp4,happiness,0.7,0.8
s22_happiness_5_sequential.mp4,happiness,0.7,0.8
s39_happiness_1_sequential.mp4,happiness,0.7,0.8
s14_happiness_2_sequential.mp4,happiness,0.7,0.8
s41_happiness_5_sequential.mp4,happiness,0.7,0.8
s22_happiness_3_sequential.mp4,happiness,0.7,0.8
s28_happiness_5_sequential.mp4,happiness,0.7,0.8
s42_happiness_4_sequential.mp4,happiness,0.7,0.8
s41_happiness_4_sequential.mp4,happiness,0.7,0.8
s10_happiness_4_sequential.mp4,happiness,0.7,0.8
s32_happiness_3_sequential.mp4,happiness,0.7,0.8
s25_happiness_3_sequential.mp4,happiness,0.7,0.8
s19_happiness_1_sequential.mp4,happiness,0.7,0.8
s21_happiness_2_sequential.mp4,happiness,0.7,0.8
s43_happiness_3_sequential.mp4,happiness,0.7,0.8
s3_happiness_3_sequential.mp4,happiness,0.7,0.8
s25_sadness_3_sequential.mp4,sadness,-0.4,-0.7
s31_sadness_2_sequential.mp4,sadness,-0.4,-0.7
s37_sadness_4_sequential.mp4,sadness,-0.4,-0.7
s34_sadness_3_sequential.mp4,sadness,-0.4,-0.7
s16_sadness_2_sequential.mp4,sadness,-0.4,-0.7
s24_sadness_1_sequential.mp4,sadness,-0.4,-0.7
s35_sadness_4_sequential.mp4,sadness,-0.4,-0.7
s27_sadness_5_sequential.mp4,sadness,-0.4,-0.7
s39_sadness_5_sequential.mp4,sadness,-0.4,-0.7
s22_sadness_4_sequential.mp4,sadness,-0.4,-0.7
s2_sadness_4_sequential.mp4,sadness,-0.4,-0.7
s13_sadness_5_sequential.mp4,sadness,-0.4,-0.7
s7_sadness_4_sequential.mp4,sadness,-0.4,-0.7
s36_sadness_5_sequential.mp4,sadness,-0.4,-0.7
s19_sadness_2_sequential.mp4,sadness,-0.4,-0.7
s42_sadness_1_sequential.mp4,sadness,-0.4,-0.7
s19_sadness_3_sequential.mp4,sadness,-0.4,-0.7
s44_sadness_2_sequential.mp4,sadness,-0.4,-0.7
s30_sadness_2_sequential.mp4,sadness,-0.4,-0.7
s10_sadness_1_sequential.mp4,sadness,-0.4,-0.7
s31_sadness_1_sequential.mp4,sadness,-0.4,-0.7
s5_sadness_1_sequential.mp4,sadness,-0.4,-0.7
s22_sadness_2_sequential.mp4,sadness,-0.4,-0.7
s15_sadness_1_sequential.mp4,sadness,-0.4,-0.7
s27_sadness_2_sequential.mp4,sadness,-0.4,-0.7
s18_sadness_1_sequential.mp4,sadness,-0.4,-0.7
s31_sadness_5_sequential.mp4,sadness,-0.4,-0.7
s24_sadness_5_sequential.mp4,sadness,-0.4,-0.7
s8_sadness_1_sequential.mp4,sadness,-0.4,-0.7
s19_sadness_5_sequential.mp4,sadness,-0.4,-0.7
s28_sadness_4_sequential.mp4,sadness,-0.4,-0.7
s1_sadness_4_sequential.mp4,sadness,-0.4,-0.7
s25_sadness_4_sequential.mp4,sadness,-0.4,-0.7
s29_sadness_3_sequential.mp4,sadness,-0.4,-0.7
s30_sadness_4_sequential.mp4,sadness,-0.4,-0.7
s37_sadness_2_sequential.mp4,sadness,-0.4,-0.7
s22_sadness_3_sequential.mp4,sadness,-0.4,-0.7
s26_sadness_2_sequential.mp4,sadness,-0.4,-0.7
s29_sadness_1_sequential.mp4,sadness,-0.4,-0.7
s3_sadness_3_sequential.mp4,sadness,-0.4,-0.7
s40_surprise_4_sequential.mp4,surprise,0.9,0.4
s27_surprise_2_sequential.mp4,surprise,0.9,0.4
s21_surprise_3_sequential.mp4,surprise,0.9,0.4
s7_surprise_3_sequential.mp4,surprise,0.9,0.4
s3_surprise_4_sequential.mp4,surprise,0.9,0.4
s13_surprise_4_sequential.mp4,surprise,0.9,0.4
s24_surprise_1_sequential.mp4,surprise,0.9,0.4
s39_surprise_5_sequential.mp4,surprise,0.9,0.4
s28_surprise_3_sequential.mp4,surprise,0.9,0.4
s14_surprise_4_sequential.mp4,surprise,0.9,0.4
s43_surprise_2_sequential.mp4,surprise,0.9,0.4
s14_surprise_5_sequential.mp4,surprise,0.9,0.4
s40_surprise_1_sequential.mp4,surprise,0.9,0.4
s34_surprise_2_sequential.mp4,surprise,0.9,0.4
s9_surprise_3_sequential.mp4,surprise,0.9,0.4
s39_surprise_3_sequential.mp4,surprise,0.9,0.4
s21_surprise_5_sequential.mp4,surprise,0.9,0.4
s25_surprise_1_sequential.mp4,surprise,0.9,0.4
s3_surprise_5_sequential.mp4,surprise,0.9,0.4
s13_surprise_3_sequential.mp4,surprise,0.9,0.4
s18_surprise_5_sequential.mp4,surprise,0.9,0.4
s5_surprise_5_sequential.mp4,surprise,0.9,0.4
s23_surprise_1_sequential.mp4,surprise,0.9,0.4
s14_surprise_3_sequential.mp4,surprise,0.9,0.4
s16_surprise_1_sequential.mp4,surprise,0.9,0.4
s8_surprise_3_sequential.mp4,surprise,0.9,0.4
s39_surprise_1_sequential.mp4,surprise,0.9,0.4
s19_surprise_1_sequential.mp4,surprise,0.9,0.4
s29_surprise_4_sequential.mp4,surprise,0.9,0.4
s2_surprise_5_sequential.mp4,surprise,0.9,0.4
s36_surprise_5_sequential.mp4,surprise,0.9,0.4
s5_surprise_2_sequential.mp4,surprise,0.9,0.4
s1_surprise_2_sequential.mp4,surprise,0.9,0.4
s21_surprise_1_sequential.mp4,surprise,0.9,0.4
s37_surprise_2_sequential.mp4,surprise,0.9,0.4
s16_surprise_3avi_sequential.mp4,surprise,0.9,0.4
s41_surprise_1_sequential.mp4,surprise,0.9,0.4
s24_surprise_5_sequential.mp4,surprise,0.9,0.4
s20_surprise_2_sequential.mp4,surprise,0.9,0.4
s41_surprise_5_sequential.mp4,surprise,0.9,0.4
s42_surprise_4_sequential.mp4,surprise,0.9,0.4
s42_surprise_2_sequential.mp4,surprise,0.9,0.4
s20_fear_1_sequential.mp4,fear,0.9,-0.6
s40_sadness_4_sequential.mp4,sadness,-0.4,-0.7
s25_disgust_4_sequential.mp4,disgust,0.6,-0.6
s43_disgust_2_sequential.mp4,disgust,0.6,-0.6
s17_anger_5_sequential.mp4,anger,0.8,-0.6
s25_anger_5_sequential.mp4,anger,0.8,-0.6
s31_anger_5_sequential.mp4,anger,0.8,-0.6
s35_anger_5_sequential.mp4,anger,0.8,-0.6
s40_anger_4_sequential.mp4,anger,0.8,-0.6
s1_anger_1_sequential.mp4,anger,0.8,-0.6
s31_anger_1_sequential.mp4,anger,0.8,-0.6
s4_anger_5_sequential.mp4,anger,0.8,-0.6
s26_anger_4_sequential.mp4,anger,0.8,-0.6
s42_anger_1_sequential.mp4,anger,0.8,-0.6
s43_anger_1_sequential.mp4,anger,0.8,-0.6
s1_anger_2_sequential.mp4,anger,0.8,-0.6
s34_anger_5_sequential.mp4,anger,0.8,-0.6
s37_anger_2_sequential.mp4,anger,0.8,-0.6
s29_anger_2_sequential.mp4,anger,0.8,-0.6
s17_anger_3_sequential.mp4,anger,0.8,-0.6
s4_anger_2_sequential.mp4,anger,0.8,-0.6
s43_anger_2_sequential.mp4,anger,0.8,-0.6
s18_anger_2_sequential.mp4,anger,0.8,-0.6
s19_anger_5_sequential.mp4,anger,0.8,-0.6
s15_anger_2_sequential.mp4,anger,0.8,-0.6
s7_anger_3_sequential.mp4,anger,0.8,-0.6
s35_anger_4_sequential.mp4,anger,0.8,-0.6
s1_anger_4_sequential.mp4,anger,0.8,-0.6
s8_anger_3_sequential.mp4,anger,0.8,-0.6
s9_anger_4_sequential.mp4,anger,0.8,-0.6
s29_anger_3_sequential.mp4,anger,0.8,-0.6
s16_anger_2_sequential.mp4,anger,0.8,-0.6
s20_anger_4_sequential.mp4,anger,0.8,-0.6
s2_anger_2_sequential.mp4,anger,0.8,-0.6
s27_anger_3_sequential.mp4,anger,0.8,-0.6
s25_anger_4_sequential.mp4,anger,0.8,-0.6
s10_anger_3_sequential.mp4,anger,0.8,-0.6
s1_anger_3_sequential.mp4,anger,0.8,-0.6
s17_anger_4_sequential.mp4,anger,0.8,-0.6
s18_anger_1_sequential.mp4,anger,0.8,-0.6
s19_anger_4_sequential.mp4,anger,0.8,-0.6
s7_anger_1_sequential.mp4,anger,0.8,-0.6
s27_anger_2_sequential.mp4,anger,0.8,-0.6
s23_anger_4_sequential.mp4,anger,0.8,-0.6
s22_anger_1_sequential.mp4,anger,0.8,-0.6
s19_anger_2_sequential.mp4,anger,0.8,-0.6
s6_anger_sequential.mp4,anger,0.8,-0.6
s39_disgust_5_sequential.mp4,disgust,0.6,-0.6
s38_disgust_4_sequential.mp4,disgust,0.6,-0.6
s43_disgust_1_sequential.mp4,disgust,0.6,-0.6
s17_disgust_1_sequential.mp4,disgust,0.6,-0.6
s39_disgust_4_sequential.mp4,disgust,0.6,-0.6
s25_disgust_1_sequential.mp4,disgust,0.6,-0.6
s40_disgust_2_sequential.mp4,disgust,0.6,-0.6
s8_disgust_3_sequential.mp4,disgust,0.6,-0.6
s21_disgust_1_sequential.mp4,disgust,0.6,-0.6
s40_disgust_4_sequential.mp4,disgust,0.6,-0.6
s42_disgust_4_sequential.mp4,disgust,0.6,-0.6
s28_disgust_5_sequential.mp4,disgust,0.6,-0.6
s37_disgust_1_sequential.mp4,disgust,0.6,-0.6
s36_disgust_3_sequential.mp4,disgust,0.6,-0.6
s14_disgust_1_sequential.mp4,disgust,0.6,-0.6
s19_disgust_2_sequential.mp4,disgust,0.6,-0.6
s13_disgust_5_sequential.mp4,disgust,0.6,-0.6
s25_disgust_3_sequential.mp4,disgust,0.6,-0.6
s18_disgust_1_sequential.mp4,disgust,0.6,-0.6
s22_disgust_2_sequential.mp4,disgust,0.6,-0.6
s10_disgust_1_sequential.mp4,disgust,0.6,-0.6
s5_disgust_4_sequential.mp4,disgust,0.6,-0.6
s19_disgust_4_sequential.mp4,disgust,0.6,-0.6
s39_disgust_1_sequential.mp4,disgust,0.6,-0.6
s22_disgust_5_sequential.mp4,disgust,0.6,-0.6
s28_disgust_3_sequential.mp4,disgust,0.6,-0.6
s20_disgust_5_sequential.mp4,disgust,0.6,-0.6
s2_disgust_3_sequential.mp4,disgust,0.6,-0.6
s16_disgust_5_sequential.mp4,disgust,0.6,-0.6
s29_disgust_1_sequential.mp4,disgust,0.6,-0.6
s43_disgust_4_sequential.mp4,disgust,0.6,-0.6
s9_disgust_2_sequential.mp4,disgust,0.6,-0.6
s36_disgust_5_sequential.mp4,disgust,0.6,-0.6
s32_disgust_2_sequential.mp4,disgust,0.6,-0.6
s41_disgust_1_sequential.mp4,disgust,0.6,-0.6
s9_disgust_1_sequential.mp4,disgust,0.6,-0.6
s4_disgust_1_sequential.mp4,disgust,0.6,-0.6
s41_disgust_3_sequential.mp4,disgust,0.6,-0.6
s31_disgust_3_sequential.mp4,disgust,0.6,-0.6
s28_disgust_1_sequential.mp4,disgust,0.6,-0.6
s41_disgust_5_sequential.mp4,disgust,0.6,-0.6
s6_disgust_sequential.mp4,disgust,0.6,-0.6
s27_fear_1_sequential.mp4,fear,0.9,-0.6
s27_fear_5_sequential.mp4,fear,0.9,-0.6
s21_fear_3_sequential.mp4,fear,0.9,-0.6
s40_fear_3_sequential.mp4,fear,0.9,-0.6
s17_fear_5_sequential.mp4,fear,0.9,-0.6
s10_fear_5_sequential.mp4,fear,0.9,-0.6
s14_fear_3_sequential.mp4,fear,0.9,-0.6
s15_fear_1_sequential.mp4,fear,0.9,-0.6
s8_fear_5_sequential.mp4,fear,0.9,-0.6
s39_fear_1_sequential.mp4,fear,0.9,-0.6
s39_fear_2_sequential.mp4,fear,0.9,-0.6
s24_fear_2_sequential.mp4,fear,0.9,-0.6
s28_fear_3_sequential.mp4,fear,0.9,-0.6
s22_fear_1_sequential.mp4,fear,0.9,-0.6
s38_fear_5_sequential.mp4,fear,0.9,-0.6
s2_fear_1_sequential.mp4,fear,0.9,-0.6
s35_fear_2_sequential.mp4,fear,0.9,-0.6
s32_fear_1_sequential.mp4,fear,0.9,-0.6
s8_fear_3_sequential.mp4,fear,0.9,-0.6
s12_fear_1_sequential.mp4,fear,0.9,-0.6
s17_fear_3_sequential.mp4,fear,0.9,-0.6
s13_fear_1_sequential.mp4,fear,0.9,-0.6
s2_fear_4_sequential.mp4,fear,0.9,-0.6
s17_fear_1_sequential.mp4,fear,0.9,-0.6
s7_fear_3_sequential.mp4,fear,0.9,-0.6
s41_fear_4_sequential.mp4,fear,0.9,-0.6
s42_fear_3_sequential.mp4,fear,0.9,-0.6
s36_fear_4_sequential.mp4,fear,0.9,-0.6
s10_fear_3_sequential.mp4,fear,0.9,-0.6
s34_fear_4_sequential.mp4,fear,0.9,-0.6
s21_fear_4_sequential.mp4,fear,0.9,-0.6
s27_fear_2_sequential.mp4,fear,0.9,-0.6
s31_fear_4_sequential.mp4,fear,0.9,-0.6
s22_fear_4_sequential.mp4,fear,0.9,-0.6
s4_fear_2_sequential.mp4,fear,0.9,-0.6
s12_fear_2_sequential.mp4,fear,0.9,-0.6
s36_fear_3_sequential.mp4,fear,0.9,-0.6
s22_fear_5_sequential.mp4,fear,0.9,-0.6
s14_fear_1_sequential.mp4,fear,0.9,-0.6
s41_fear_3_sequential.mp4,fear,0.9,-0.6
s32_fear_5_sequential.mp4,fear,0.9,-0.6
s1_fear_2_sequential.mp4,fear,0.9,-0.6
s14_happiness_1_sequential.mp4,happiness,0.7,0.8
s22_happiness_4_sequential.mp4,happiness,0.7,0.8
s39_happiness_4_sequential.mp4,happiness,0.7,0.8
s15_happiness_2_sequential.mp4,happiness,0.7,0.8
s9_happiness_3_sequential.mp4,happiness,0.7,0.8
s4_happiness_2_sequential.mp4,happiness,0.7,0.8
s26_happiness_1_sequential.mp4,happiness,0.7,0.8
s27_happiness_1_sequential.mp4,happiness,0.7,0.8
s12_happiness_5_sequential.mp4,happiness,0.7,0.8
s36_happiness_2_sequential.mp4,happiness,0.7,0.8
s41_happiness_3_sequential.mp4,happiness,0.7,0.8
s16_happiness_4_sequential.mp4,happiness,0.7,0.8
s2_happiness_5_sequential.mp4,happiness,0.7,0.8
s10_happiness_5_sequential.mp4,happiness,0.7,0.8
s34_happiness_5_sequential.mp4,happiness,0.7,0.8
s4_happiness_4_sequential.mp4,happiness,0.7,0.8
s28_happiness_2_sequential.mp4,happiness,0.7,0.8
s30_happiness_5_sequential.mp4,happiness,0.7,0.8
s25_happiness_4_sequential.mp4,happiness,0.7,0.8
s32_happiness_2_sequential.mp4,happiness,0.7,0.8
s12_happiness_3_sequential.mp4,happiness,0.7,0.8
s33_happiness_3_sequential.mp4,happiness,0.7,0.8
s18_happiness_4_sequential.mp4,happiness,0.7,0.8
s1_happiness_2_sequential.mp4,happiness,0.7,0.8
s17_happiness_3_sequential.mp4,happiness,0.7,0.8
s23_happiness_5_sequential.mp4,happiness,0.7,0.8
s28_happiness_4_sequential.mp4,happiness,0.7,0.8
s35_happiness_4_sequential.mp4,happiness,0.7,0.8
s17_happiness_4_sequential.mp4,happiness,0.7,0.8
s36_happiness_1_sequential.mp4,happiness,0.7,0.8
s31_happiness_2_sequential.mp4,happiness,0.7,0.8
s24_happiness_1_sequential.mp4,happiness,0.7,0.8
s18_happiness_3_sequential.mp4,happiness,0.7,0.8
s13_happiness_1_sequential.mp4,happiness,0.7,0.8
s34_happiness_4_sequential.mp4,happiness,0.7,0.8
s14_happiness_4_sequential.mp4,happiness,0.7,0.8
s36_happiness_5_sequential.mp4,happiness,0.7,0.8
s26_happiness_2_sequential.mp4,happiness,0.7,0.8
s21_happiness_3_sequential.mp4,happiness,0.7,0.8
s26_happiness_5_sequential.mp4,happiness,0.7,0.8
s20_happiness_5_sequential.mp4,happiness,0.7,0.8
s3_happiness_2_sequential.mp4,happiness,0.7,0.8
s3_happiness_4_sequential.mp4,happiness,0.7,0.8
s13_sadness_1_sequential.mp4,sadness,-0.4,-0.7
s24_sadness_3_sequential.mp4,sadness,-0.4,-0.7
s43_sadness_4_sequential.mp4,sadness,-0.4,-0.7
s42_sadness_3_sequential.mp4,sadness,-0.4,-0.7
s19_sadness_4_sequential.mp4,sadness,-0.4,-0.7
s14_sadness_3_sequential.mp4,sadness,-0.4,-0.7
s29_sadness_4_sequential.mp4,sadness,-0.4,-0.7
s35_sadness_2_sequential.mp4,sadness,-0.4,-0.7
s43_sadness_2_sequential.mp4,sadness,-0.4,-0.7
s38_sadness_2_sequential.mp4,sadness,-0.4,-0.7
s15_sadness_5_sequential.mp4,sadness,-0.4,-0.7
s18_sadness_2_sequential.mp4,sadness,-0.4,-0.7
s33_sadness_1_sequential.mp4,sadness,-0.4,-0.7
s24_sadness_2_sequential.mp4,sadness,-0.4,-0.7
s10_sadness_4_sequential.mp4,sadness,-0.4,-0.7
s41_sadness_3_sequential.mp4,sadness,-0.4,-0.7
s26_sadness_5_sequential.mp4,sadness,-0.4,-0.7
s25_sadness_2_sequential.mp4,sadness,-0.4,-0.7
s15_sadness_2_sequential.mp4,sadness,-0.4,-0.7
s14_sadness_1_sequential.mp4,sadness,-0.4,-0.7
s12_sadness_2_sequential.mp4,sadness,-0.4,-0.7
s5_sadness_3_sequential.mp4,sadness,-0.4,-0.7
s34_sadness_2_sequential.mp4,sadness,-0.4,-0.7
s44_sadness_3_sequential.mp4,sadness,-0.4,-0.7
s36_sadness_2_sequential.mp4,sadness,-0.4,-0.7
s40_sadness_5_sequential.mp4,sadness,-0.4,-0.7
s5_sadness_2_sequential.mp4,sadness,-0.4,-0.7
s22_sadness_5_sequential.mp4,sadness,-0.4,-0.7
s9_sadness_1_sequential.mp4,sadness,-0.4,-0.7
s1_sadness_2_sequential.mp4,sadness,-0.4,-0.7
s30_sadness_5_sequential.mp4,sadness,-0.4,-0.7
s20_sadness_1_sequential.mp4,sadness,-0.4,-0.7
s9_sadness_5_sequential.mp4,sadness,-0.4,-0.7
s12_sadness_5_sequential.mp4,sadness,-0.4,-0.7
s9_sadness_3_sequential.mp4,sadness,-0.4,-0.7
s22_sadness_1_sequential.mp4,sadness,-0.4,-0.7
s30_sadness_1_sequential.mp4,sadness,-0.4,-0.7
s20_sadness_2_sequential.mp4,sadness,-0.4,-0.7
s12_sadness_1_sequential.mp4,sadness,-0.4,-0.7
s4_sadness_2_sequential.mp4,sadness,-0.4,-0.7
s32_sadness_1_sequential.mp4,sadness,-0.4,-0.7
s6_sadness_sequential.mp4,sadness,-0.4,-0.7
s3_sadness_2_sequential.mp4,sadness,-0.4,-0.7
s15_surprise_4_sequential.mp4,surprise,0.9,0.4
s32_surprise_5_sequential.mp4,surprise,0.9,0.4
s1_surprise_3_sequential.mp4,surprise,0.9,0.4
s2_surprise_2_sequential.mp4,surprise,0.9,0.4
s26_surprise_5_sequential.mp4,surprise,0.9,0.4
s37_surprise_5_sequential.mp4,surprise,0.9,0.4
s39_surprise_2_sequential.mp4,surprise,0.9,0.4
s44_surprise_2_sequential.mp4,surprise,0.9,0.4
s7_surprise_1_sequential.mp4,surprise,0.9,0.4
s8_surprise_5_sequential.mp4,surprise,0.9,0.4
s16_surprise_2_sequential.mp4,surprise,0.9,0.4
s26_surprise_1_sequential.mp4,surprise,0.9,0.4
s3_surprise_3_sequential.mp4,surprise,0.9,0.4
s25_surprise_3_sequential.mp4,surprise,0.9,0.4
s1_surprise_1_sequential.mp4,surprise,0.9,0.4
s38_surprise_3_sequential.mp4,surprise,0.9,0.4
s34_surprise_1_sequential.mp4,surprise,0.9,0.4
s35_surprise_3_sequential.mp4,surprise,0.9,0.4
s38_surprise_1_sequential.mp4,surprise,0.9,0.4
s37_surprise_1_sequential.mp4,surprise,0.9,0.4
s28_surprise_1_sequential.mp4,surprise,0.9,0.4
s3_surprise_2_sequential.mp4,surprise,0.9,0.4
s5_surprise_3_sequential.mp4,surprise,0.9,0.4
s39_surprise_4_sequential.mp4,surprise,0.9,0.4
s23_surprise_2_sequential.mp4,surprise,0.9,0.4
s18_surprise_2_sequential.mp4,surprise,0.9,0.4
s40_surprise_3_sequential.mp4,surprise,0.9,0.4
s3_surprise_1_sequential.mp4,surprise,0.9,0.4
s27_surprise_5_sequential.mp4,surprise,0.9,0.4
s29_surprise_3_sequential.mp4,surprise,0.9,0.4
s31_surprise_4_sequential.mp4,surprise,0.9,0.4
s17_surprise_1_sequential.mp4,surprise,0.9,0.4
s40_surprise_2_sequential.mp4,surprise,0.9,0.4
s22_surprise_5_sequential.mp4,surprise,0.9,0.4
s13_surprise_5_sequential.mp4,surprise,0.9,0.4
s35_surprise_1_sequential.mp4,surprise,0.9,0.4
s37_surprise_3_sequential.mp4,surprise,0.9,0.4
s26_surprise_2_sequential.mp4,surprise,0.9,0.4
s34_surprise_4_sequential.mp4,surprise,0.9,0.4
s17_surprise_2_sequential.mp4,surprise,0.9,0.4
s9_surprise_4_sequential.mp4,surprise,0.9,0.4
s18_surprise_4_sequential.mp4,surprise,0.9,0.4
s31_surprise_1_sequential.mp4,surprise,0.9,0.4
